id,first_name,surname,dob,city,email
1,,Brown,2005-07-15,London,sarahbron@mckinney.com
2,Ilabsle ,Brown,1979-01-22,Stoke-on-Trent,josephwatson@smith.com
3,iilWam ,,2000-06-27,,taylor70@fisher.nfo
4,Carter,Alfie ,1997-03-13,London,jennifermarshall@browning.com
5,Isabelle ,Brown,1979-01-22,Stoke-on-Trent,josephwatson@smith.com
6,Watson,Noah ,2008-06-15,Bolton,matthew78@ballard-mcdonald.net
7,,Owen,2016-05-16,Kingston-upon-Hull,nicholasbutler@jackson.net
8,Evie ,Collins,1988-12-10,,travis53@jensen.com
9,Noah ,Gibson,1987-08-21,London,avazquez@banks.com
10,Taylor,Harrison ,2014-03-20,London,paul44@bentley.com
11,Jones,Elliot ,1983-11-16,Leeds,phumphrey@han-onsjohnsn.net
12,,James,1970-04-05,Sunderland,barbaraolson@smith.com
13,L yu,Stone,2012-02-15,Middlesbrough,ppruitt@kirby.org
14,Morris,Florence ,1993-04-28,Southapmtn,paul49@allen.biz
15,Oliver ,Thompson,2012-02-04,Leicester,amanda06@sutton.com
16,,,2005-06-04,Liverpool,javierfrederick@kelly.org
17,Gabriel ,,1977-12-21,Leds,rachelschtitm@geore-walker.com
18,Aisha ,King,1980-07-20,,berrylarry@gonzales.biz
19,Harry ,Taylr,2017-11-24,noLdo,coltonray@lee.com
20,Thomas,Harry ,2011-07-30,Belfast,
21,Maya ,Jnos,2010-07-12,Sunderland,erin01@york.com
22,George ,Hodson,1980-12-30,,lori88@huynh.biz
23,Ethan ,Brown,2010-12-22,Manchester,petersbrandon@cox.com
24,,Mcdonald,1996-09-09,,barbara84@robbins.biz
25,Mila ,Hall,2007-10-30,Birmingham,stephanieromero@smith.com
26,Henry ,Ali,2012-11-30,Newcotle-upsn-Tyne,
27,Russell,Alexander ,1982-03-24,London,virginiarodriguez@holmes.org
28,Isaac ,Taylor,2008-07-01,Swindon,xday@higgins-lewis.com
29,Zachary ,Newman,1987-04-03,London,jessicapowell@hardin-mcgee.net
30,Julia ,,2015-10-29,London,hannah88@powers.com
31,Charlie ,,1990-12-14,Northampton,
32,James,Oscar ,1985-03-26,York,carlos74@byrd.com
33,Harry ,Thomas,2011-07-30,Belfts,sandra26@anderson-davis.com
34,Edwad ,r bOin,1996-10-19,London,
35,Isabelle ,Brown,1979-01-22,Stoke-on-Trent,josephwatson@smith.com
36,Gibson,Harrison ,2005-04-24,London,elizabeth81@smith.com
37,Freddie ,Roberts,2004-11-15,,browndonald@mccormick.info
38,Elliot ,Jones,1983-12-29,Leeds,phumphrey@hanson-johnson.net
39,Adam ,Berry,1986-02-08,London,walterdunn@pham-hill.com
40,,Stone,2011-11-26,,ppruitt@kirby.org
41,,Spencer,2007-09-08,Swansea,
42,,Thomas,2011-09-02,Belfast,sandra26@anderson-davis.com
43,Collins,Mason ,1975-05-21,Birmingham,christina86@cummings.com
44,Lottie ,Forrest,1986-09-22,Bristol,jesus40@aelen-gravls.om
45,Theodore ,Maxwell,1982-10-19,Lees,markstewart@gross.com
46,Freddie ,Thompson,1999-07-23,Peterborough,scottsalinah@ughes-lopez.com
47,Lucas ,Jones,2005-10-25,London,johnsoncrystal@jarvis-mayer.info
48,Amelia ,Johnson,1985-05-04,,olsondanielle@martinez.com
49,Alex ,ihilPps,1991-04-05,Glasgow,xsmith@cooper-garcia.com
50,,Jones,1980-06-23,Lnoon,trobinson@garza.com
51,Walsh,Ella ,1978-12-04,Milton,
52,Jacob ,Evans,1987-02-06,Southend-on-Sea,barrygary@flores.com
53,Palmer,Freddie ,2008-07-16,Belfast,ndavis@miller-mccoy.org
54,Mcheal ,Taylor,1993-06-23,Brighton,rhondawilliams@gonzalez-scott.com
55,Ethan ,Brown,2010-12-22,Manchester,petersbrandon@cox.com
56,Lewis,Freddie ,1971-09-14,Southend-on-Sea,tyler28@weaver-alvarez.com
57,Charlotte ,Cooper,1995-07-11,Sunderland,
58,,Jones,1983-06-19,,smyers@andersen-lee.com
59,Ivy ,Parker,1989-03-02,donLn,
60,Baxter,Aria ,1992-09-07,London,christineshepherd@allen.com
61,Noah ,Watson,2008-01-19,Bolton,
62,Oliver ,Connolly,1972-03-08,Plymouth,
63,Freddie ,Thompson,1999-07-23,,scottsalinas@hughes-lopez.com
64,George ,Williams,1981-08-06,Lndon,derek58@gibbs.biz
65,Joshua ,Harrison,2015-12-11,Southend-on-Sea,zacharyoays@hill.cm
66,Florence ,Morris,1993-01-29,Southampton,paul49@allen.biz
67,Elliot ,,1983-08-28,Leeds,
68,Ael ai,Johnson,1985-05-04,Luton,oleondanisle@martinez.com
69,,,2016-01-10,Plymouth,heather69@martin-bradford.biz
70,rexandeA ,Cooper,2001-11-25,,
71,Alex ,Phillips,1991-04-05,Glasgow,xsmith@cooper-garcia.com
72, bigail,Lewis,2017-02-05,eRadig,james08@hernandez.info
73,Tyler ,Dasi,2001-07-13,Ipswich,jos33@trujillo.net
74,Ameia ,Johnson,1985-05-04,Luton,olsondanielle@martinez.com
75,George ,Williams,1981-08-06,London,desek58gibbr.biz
76,Harrison ,Cole,2017-09-29,Bristol,sheltonshannon@mendez.com
77,Theodore ,Maxwell,1982-10-19,Leeds,markstewart@gross.com
78,,Taylor,2014-03-20,London,eaul44@bpntly.com
79,Matilda ,,1983-04-30,London,patricia47@davis.com
80,Taylor,Ivy ,1980-01-13,London,
81,ddwaE ,Lewis,2005-05-26,oLndo,
82,Gace ,Bennett,2014-08-04,oonLn,hesskayla@carter.com
83,Arthur ,Bolton,1998-03-07,Nottingham,milesnina@flores.biz
84,Leo ,Jones,2019-06-15,,tcarr@lewis-kline.com
85,ecalStt ,Parsons,1985-11-21,London,shirleybaker@smith-hall.biz
86,Jake ,Kirk,2008-02-17,,fphillips@young-turner.info
87,Harrison ,Cole,2017-09-16,Bristol,sheltenshannon@mndoz.com
88,ilEz ,hitS,1991-02-26,Southampton,lisaharmon@montgomery.com
89,Amber ,Shtm,2003-05-12,Sunderland,barrerakevin@sherman.org
90,James,Oscar ,1985-03-26,York,carlos74@byrd.com
91,Charlotte ,,1995-06-15,Sunderland,toddsean@wilkins-burton.biz
92,Jackson,Sara ,1999-09-18,Liverpool,kimashley@nguyen.info
93, acob,,1987-02-06,Southend-on-Sea,barrygary@flores.com
94,,Jones,1983-08-31,Manchester,
95,Julia ,Taylor,2015-10-29,,hannah88opowersc@m
96,Riley ,,2018-06-18,Bournemouth,fisherdaniel@smith.com
97,Ryan ,,1990-03-21,London,onorman@walker.info
98,Elizebat ,,1980-07-29,Leeds,edwdrasmatthew@myer.com
99,King,Ryan ,1982-06-22,,cervantesjasmine@cole.net
100,Isaa ,,2008-09-09,Swindon,xiay@higgdn-lewis.com
101,Morris,Noah ,1983-07-20,Birmngham,
102,Jones,Harriet ,1980-06-19,London,trobinson@garza.com
103,Esme ,Davies,2011-07-19,Bristol,gordonlaurie@harvey.biz
104,Cooke,Mia ,2013-12-31,London,courtneywilson@smith.com
105,Julia ,Taylor,2015-07-31,London,hannah88@powers.com
106,Ieabell ,Brown,1979-01-22,Stoke-on-Trent,josephwatson@smith.com
107,Chlraotte,Cooper,1995-07-11,Sunderland,toddsean@wilkins-burton.biz
108,Charlie ,Richards,1990-12-14,Northampton,jachbstafford@oamiltoncom
109,Zachary ,Newman,1987-04-03,London,jessicmpowell@hardinacgee.net
110,Watson,Noah ,2008-01-21,Bolno,matthea78@bwllar-mcdonald.net
111,Chalie ,Richards,1990-12-14,Northampton,
112,olly ,King,2015-09-21,Lnndo,christopherpierce@hoffman-ross.biz
113,T ah,Thomas,1982-09-29,Sheffield,jefreyeogers@hrrnandez.info
114,Alfie ,,2005-06-20,London,michellejackson@smith-trujillo.com
115,rFddie ,Lane,2016-02-18,London,duanejames@reyes.net
116,Sophia ,Ellis,1981-08-14,Sheffield,danielle24@garcia-jones.net
117,Scalettr,Parsons,1985-11-21,London,shirleybaker@smith-hall.biz
118,,King,2015-09-21,London,christopherpierce@hoffman-ross.biz
119,Charlie ,Tarlo,2006-04-03,London,mbrooks@booker.com
120,Eva ,Bell,2001-08-11,Lodon,shepherdtara@flores.com
121,Freya ,sgheH,2018-04-28,nodoL,
122,Wood,William ,1994-09-22,Newcastle-upon-Tyne,aprilkelly@french-car.soncom
123,Bartlett,Gabriel ,1973-12-09,Wolverhampton,ogomez@robinson-mckinney.com
124,Harry ,Tomas,2011-07-30,Belast,sandra26@anderson-davis.com
125,Millie ,Harris,1996-07-27,London,lynn04@jones.com
126,Cook,Oliver ,2013-06-14,Coventry,
127,Moly ,Bell,2002-01-05,Peterborough,lricsaunders@sievaadams.info
128,Joshua ,Harrison,2015-09-06,Sounhetd-onSea,zacharymays@hill.com
129,Carter,Alfie ,1997-06-06,London,jennifermarshall@browning.com
130,Logan ,Nicholson,1999-04-19,Glasgow,longdebra@dixon.com
131,Layla ,Ball,1992-04-02,Newcastle-upon-Tyne,stacykelly@brown.info
132,Arol,Morgan,2015-05-15,Aberdeen,charles81@nelson.biz
133,Benjamin ,Kelly,2018-12-20,Loodn,joshua10@werner.com
134,Jackson,Sara ,1999-09-18,Liverpool,kimashley@nguyen.info
135,Alnxader ,Russell,1982-03-24,London,virginiarodriguez@holmes.org
136, acJ,Adams,1976-11-04,Leicester,becky18@roberts-frazier.info
137,Robertson,Charlie ,2016-11-08,Sheffield,gomezjohn@brooks.com
138,Logan ,oicholsn,1999-06-10,Glasgow,longdebra@dixon.com
139,Brooks,Emily ,1974-02-11,Birmingham,millssamuel@alvarez-henry.com
140,Daniel,Ellis,2013-01-14,Stoke-on-Trent,wmcdaniel@nelson.net
141,Daniel ,Palmer,2016-06-14,London,stewartkevin@gross.com
142,Ty el,uHghe,1971-10-26,Leeds,dawn74@mckay.com
143,Gibson,Noah ,1987-06-12,London,avazquez@banks.com
144,Robertson,Charlie ,2016-11-08,Shefidle,gomezjohn@brooks.com
145,Oscar ,Cunningham,1976-08-07,,douglas53@watkins.info
146,,Webster,1984-02-07,Colchester,katherine96kit-marminez.com
147,Joshua ,Harrison,2015-09-06,Souohnd-tn-Sea,zacharymays@hill.com
148,Cunningham,Ivy ,1990-11-27,Norwich,alyssa01@torres.com
149,Arc ei,George,1976-06-13,London,warrenanna@stuart-brooks.biz
150,Jasper ,Sharp,1981-07-25,London,martinsusan@woods.com
151,Nacy ,Taylor,1989-07-25,London,wagnershane@landry.com
152,Bolton,Arthur ,1998-02-03,Nottingham,milesnina@flores.biz
153,Arl ,,2015-05-15,Aberdeen,charles81@nelson.biz
154,,Fisher,2002-10-07,Derby,ke@in40vharrell.ne
155,Robertson,Charlie ,2016-11-08,Sheffield,gomezjohn@brooks.com
156,Noah ,Walker,2019-05-01,Leicester,jonathan52@eaton.org
157,Evie ,Collns,1988-10-25,Lonod,travis53@enmen.cos
158,Hughes,Arthur ,1998-08-24,Sheffield,eileenlopez@mcmahon-long.info
159,eilR ,Cameron,2018-06-18,Bournemouth,fisherdaniel@smith.com
160,Palmer,Freddie ,2008-08-10,Belfast,ndavis@miller-mccoy.org
161,Oscar ,Cunningham,1976-08-07,Brighton,douflas53@watkns.ingo
162,Jack ,Foster,2007-06-05,London,
163,Sinna ,Davies,2016-01-10,Pymolth,heather69@martin-bradford.biz
164,Emily ,Borks,1974-02-11,,millsmamuel@alvarez-henr.cos
165,Mohammed ,Patel,1989-03-19,Sheffield,heather31@cabrera-reed.com
166,Isabella ,Cooper,1987-11-18,Stockton-on-Tees,imoore@turner-gonzalez.info
167,Alfie ,Tyolr,2005-06-20,London,
168,Scarlett ,Parsons,1985-11-21,,shireybakerlsmith-hall.biz
169,,Baxtr,1994-11-08,Edinburgh,zacharymartinez@taylor-johnson.com
170,Orcas,Cunningham,1976-08-07,Brighton,douglas53@watkins.info
171,Gabriel ,Potter,1977-12-21,Leeds,rachelschmitt@george-walker.com
172,Daniel ,Ellis,2013-01-14,Stoke-on-Trent,wmcdaniel@nelson.net
173,Grace ,nBnett,2014-08-04,London,hasskaylecarter.com
174,Mills,Thomas ,1970-03-09,London,hensondebbie@garcia.com
175,Darc ,Webster,1984-02-07,Colchester,katherine96@kim-martinez.com
176,Nancy ,Taylor,1989-07-25,London,wagnershane@landry.com
177,Mia ,Campbell,2004-11-13,Edinburgh,stevenanderson@pierce.com
178,Frddie ,Palmer,2008-11-10,Belfast,ndavis@miller-mccoy.org
179,ily ,Young,1995-09-05,London,wesleykidd@miller.com
180,Jessica ,Carr,1972-03-19,London,
181,Ryan ,King,1982-06-22,Lndno,cervantesjasmtne@coe.nei
182,Thomas ,Mills,1970-03-09,London,hensondebbie@garcia.com
183,,Cnllos,1975-05-21,Birmingham,christna86@cummings.com
184,H rry,oBn,1979-12-12,London,alexanderthomas@reyes.com
185,Hery ,Owen,2016-05-16,Kingston-upon-Hull,kicolasbutler@jacnson.net
186,Thompson,Freddie ,1999-07-23,Peterborough,scottsalinas@hughes-lopez.com
187,Finley ,Grant,2003-07-12,,brownsierra@price.com
188,Alfie ,Carter,1997-06-09,London,jennifermarshall@browning.com
189,,Cook,2013-04-09,Coventry,michelemorrow@herrera.com
190,Alexander ,Russell,1982-05-26,Londo,virginiarodriguez@holmes.org
191,Matt ew,,2018-03-18,oondn,amandamartinez@melton.com
192,Noah ,,1983-07-20,Birmingha,
193,Chloe ,Mirle,2018-11-18,London,zmartinez@ulazqvez.com
194,Maya ,Jones,2010-10-18,Sunderland,erin01@york.com
195,Campbell,Mia ,2005-02-12,,stevenanderson@pierce.com
196,Sara ,Jackson,1999-09-18,Liverpool,kimashley@nguyen.info
197,Arlo ,Mogar,2015-04-12,bAedeen,charles81@nelson.biz
198,Jones,Leo ,1983-08-31,,smyers@andersen-lee.com
199,Matthew ,Bradley,2018-03-18,London,
200,Adam ,Berry,1986-02-08,,walterdunn@pham-hill.com
201,Oscar ,Cunningham,1976-08-07,Brighton,douglas53@watkins.info
202,Arabella ,Smith,2004-10-25,Leeds,kathryn20@goodman.com
203,Jack,,2007-08-12,London,qtranwheeler-werner.biz
204,Emilia ,Baxter,1994-11-05,idEnbugh,zacharymartinez@taylor-johnson.com
205,Teddy ,Walker,1996-11-28,Leicester,michelle49@turner.org
206,Nancy ,Taylor,1989-07-25,London,wagnershane@landry.com
207,Harry ,Bond,1979-12-08,nonoL,alexanderthomas@reyes.com
208,,Ells,2013-01-20,Stoke-on-Trent,wmcdaniel@nelson.net
209,Mila ,,2007-10-30,Birmingham,stephanieromero@smith.com
210,Mila ,Hll,2007-11-20,Birmingham,tsephaieromero@smith.com
211,Ella ,Walsh,1978-12-04,,orrelaine@fitzgerald-rhodes.com
212,George ,Hill,1984-03-16,Northampton,smithmelinda@christensen-harvey.com
213,Oliver ,Cok,2013-03-24,,
214,,Msrio,1983-07-20,Birmingham,emilysmith@irwin-medina.biz
215,Isabelle ,Brown,1979-01-22,,josepwatson@smith.com
216,,Hughes,1998-08-24,Sheffield,eileenlopez@mcmahon-long.info
217,Freddie ,Thompson,1999-07-23,Peterborough,scottsalinas@hughes-lopez.com
218,Leo ,Jones,1983-08-03,Manchester,smyers@andersen-lee.com
219,Lane,Freddie ,2016-02-18,London,duanejames@reyes.net
220,Lucas ,Williams,1976-12-12,Bristol,kennethingram@butler.com
221,,Turner,1990-03-21,London,onorman@walker.info
222,Mason ,,1975-05-21,Birmingham,
223,Geore ,Hli,1984-03-15,Northampton,
224,Noah ,Gibson,1987-08-16,Ldnon,avazquez@banks.com
225,Finley ,Grant,2003-07-12,Saofrd,
226,Ivy ,Kay,1996-04-18,Peterborough,seancollins@dean.com
227,George ,Hill,1984-05-07,Northampton,smithmelinda@christensen-harvey.com
228,George ,Hodgson,1980-10-21,eheffiSl,lori88@huynh.biz
229,,Jones,1983-11-16,Lede,phumphrey@hanson-ohnson.net
230,Osc a,Grant,1991-04-11,Ipswich,margaret50@garrett.com
231,Sienna ,Taylor,2005-06-04,Liverpool,javierfrederick@kelly.org
232,Thomas ,Mills,1970-03-09,London,hensondebbie@garcia.com
233,,Ali,2012-11-30,,
234,Darcy ,eebsWr,1984-02-07,Colchester,katherine96@kim-martinez.com
235,,Ball,1992-04-02,Newcastle-upon-Tyne,stacykelly@brown.info
236,Lewis,Freddie ,1971-12-19,Southend-on-Sea,tyler28@weaver-alvarez.com
237,Harris,Matilda ,1983-05-24,London,
238,Matilda ,Harris,1983-03-03,London,patricia47@davis.com
239,Riley ,Caeron,2018-06-18,Bournemouth,fisherdaniel@smith.com
240,Alfie ,Taylor,2005-06-20,London,michellejackson@smith-trujillo.com
241,Berry,Adam ,1986-02-08,Loonn,
242,Thomas ,Mills,1970-03-09,London,hensondebbie@garcia.com
243,Lil ,kacJon,2000-07-30,Mansfied,lewischristopher@alack-thombs.et
244,Scarlett ,Psrons,1985-08-30,Lndon,shirleybaker@smith-hall.biz
245,Oliver ,Cok,2013-03-24,Coventry,michelemorrow@herrera.com
246,Arlo ,Porter,1982-01-27,London,debla30@ner.com
247,Charlotte ,Coper,1995-06-17,Sunderland,toddsean@wilkins-burton.biz
248,Zachary ,Namen,1987-04-03,London,jessicapowell@hardin-mcgee.net
249,Lily ,Jackson,2000-10-08,Mansfield,
250,,Aams,1976-08-27,Leicester,
251,Ryan ,runer,1990-03-21,London,onorman@walker.info
252,,,1992-04-02,Newcastle-upon-Tyne,stacykelly@brown.info
253,Ethan ,Crr,2013-01-21,Londo,stacyball@medina.biz
254,Hayr ,Tsomh,2011-07-30,leBast,sandra26@anderson-davis.com
255,Alex ,Phillips,1991-04-05,,xsmith@cooper-garcia.com
256,Ryan ,Turner,1990-03-21,London,onorman@walker.info
257,Emliia,Baxter,1994-11-08,Edinburgh,zacharymartinez@taylor-johnson.com
258,Leo ,Jones,1983-08-31,Manchester,
259,Grant,Oscar ,1991-04-11,,margaret50@garrett.com
260,Jacob ,Evans,1987-02-06,Southend-on-Sea,baorygary@flores.cm
261,,Brown,2005-10-06,London,sarahbrown@mckinney.com
262,Noa ,Gibson,1987-08-21,London,avazquez@banks.com
263,Reuben ,oaylT,1978-05-09,London,
264,Mohammed ,Oew,2018-01-14,Cardiff,gkennedy@vincent.com
265,Charlie ,Richards,1990-12-14,,jacobstafford@hamilton.com
266,Daniel ,Palmer,2016-06-14,oodLn,
267,,Lewis,2017-02-05,Raeing,james08@hernandez.info
268,Gibson,Noah ,1987-08-21,London,avazquez@banks.com
269,Taylor,Nancy ,1989-07-25,London,wagnershane@landry.com
270,Mcha le,Taylor,1993-06-23,Brighton,rhondawilliams@gonzalez-scott.com
271,,Palmer,2008-08-10,Belfast,ndavis@miller-mccoy.org
272,Eleanro,Sha,1979-03-31,Birmingham,
273,George ,Hodgson,1980-12-30,Sheffield,lori8y@hu8h.biz
274,Elizabeth ,Maxwell,1980-06-09,Leeds,edwardsmatthew@mayer.com
275,Smith,Amber ,2003-05-06,Sunderland,
276,Abigail ,,2017-02-05,Reading,james08@hernandez.info
277,Hn yr,,2012-11-30,Newcastle-upon-Tyne,laura12@nelson.com
278,Moha edm,Patel,1989-03-19,Sheffield,heather31@cabrera-reed.com
279,Oscar ,Fisher,2002-10-07,,kevin40@harrell.net
280,Bolton,Arthur ,1998-04-24,Nottingham,milesnina@flores.biz
281,Hodgson,George ,1980-12-30,,lori88@huynh.biz
282,Ella ,hlsW,1978-12-04,,orrelaine@fitzgerald-rhodes.com
283,Mliie ,Harris,1996-06-05,London,l0nny4@ones.com
284,Emily ,Brooks,1974-02-11,,millssamuel@alvarez-henry.com
285,George ,Hill,1984-03-23,Northampton,smithmelinda@christensen-harvey.com
286,Maisie ,Foster,2001-05-29,London,hhill@paul-day.org
287,Ivy ,,1989-03-02,London,
288,,Taylor,1993-06-23,Bgihton,rhondawilliams@gonzalez-scott.com
289,Noah ,Gibson,1987-08-21,London,avazquez@banks.com
290,Noah ,Morir,1983-07-20,Birmingham,emilysmithirwni-medina.biz
291,,Adams,1976-08-27,Leicester,becky18@roberts-frazier.info
292,Tler ,Hughes,1971-10-26,Leeds,dawn74@mckay.com
293,Isabella ,Wallace,2000-02-01,Ldnon,hilltheresa@pearson.org
294,Joshua ,Harrison,2015-09-06,Southend-on-Sea,zacharymays@hill.com
295,Sienna ,Taylor,2005-06-04,,javierfrederi@kkelly.org
296,,Cameron,2018-06-18,Bournemouth,fisherdaniel@smith.com
297,Beattie,Isla ,2008-05-07,Bolton,susanmoreno@.dwards-allaceecom
298,Ieabsll ,Carter,2002-05-17,,caldwellmichlle@green.biz
299,Bolton,Arthur ,1998-03-07,Nottingham,
300,Harry ,Lawrence,2016-12-25,Stoke-on-Trent,aarbarpace@mbnning.org
301,Jessica ,Carr,1972-02-07,,wramirez@robinson.com
302,Layla ,all,1991-12-29,Newcastle-upon-Tyne,stacykelly@brown.info
303,Aria ,Baxter,1992-09-07,London,christineshepherd@allen.com
304,Russell,Alexander ,1982-03-24,Lndon,virginiarodriguez@holmes.org
305,Jones,Lilly ,2003-11-25,Brighton,
306,,Crtre,1997-03-13,doLon,
307,Lawrence,Harry ,2016-12-25,Stoke-on-Trent,barbarapace@manning.org
308,Campbell,Mia ,2004-11-13,gdinburh,stevenanderson@pierce.com
309,Roberts,Jacob ,2004-04-02,London,ryannoble@bryant.info
310,bacJ ,Thomas,2007-05-28,Sunderland,hknapp@davis-allen.info
311,Achi e,George,1976-07-16,London,warrenanna@stuart-brooks.biz
312,James,Oscar ,1985-03-26,York,carlos74@byrd.com
313,Maisie ,Foster,2001-08-30,London,
314,Noah ,,2008-03-23,Blotn,
315,Charlie ,hiRards,1990-12-14,Northampton,jacnbstafford@hamiltoocom
316,Joshua ,Harrison,2015-09-06,Southend-on-Sea,zacharymays@hill.com
317,King,Ryan ,1982-09-12,London,cervantesjasmie@cole.net
318,Michael ,Taylor,1993-03-29,Brighton,
319,Mohammad ,Williams,1997-07-18,Swansea,sholland@burke.net
320,Isabelle ,Born,1979-01-22,Stte-on-Trenk,josephwatson@smith.com
321,Thomas,Thea ,1982-09-29,,jeffreyrogers@hernandez.info
322,Riley ,Cameron,2018-06-18,Bournemouth,fisherdaniel@smith.com
323,Chaloett ,Cooper,1995-07-11,Sunderland,toddsean@wilkins-burton.biz
324,,Lewis,1971-12-19,Southend-on-Sea,tyler28@weaver-alvarez.com
325,Wallace,George ,2018-10-31,StoTe-n-krent,jonathan74@glover.com
326,George ,,2018-09-08,Stoke-nn-Teot,jonathan74@glover.com
327,Isabella ,Wallca,2000-03-24,London,hilltheresa@pearson.org
328,Mohammed ,Owen,2018-03-26,Cafifr,gkennedy@vincent.com
329,Eawdrd,O brien,1997-01-10,London,keadrawashington@wlliams-wallnce.biz
330,Thomas ,Cross,1992-10-16,London,mrusso@hancock.com
331,Noah ,Morris,1983-07-20,Birmingham,emilysmith@irwin-medina.biz
332,Williams,George ,1981-08-06,London,derek58@gibbs.biz
333,Emma ,Dixon,2013-11-25,Stockton-on-Tees,maynardhaley@clark-graves.com
334,Charlie ,Stevenson,1972-03-25,Glasgow,vazquezangela@mahoney-torres.com
335,Jackson,Sara ,1999-09-18,Liverpool,kimashley@nguyen.info
336,Gabriel ,Bartlett,1973-10-17,Wolverhampton,
337,O ars,Cunningham,1976-08-07,Brighton,douglas53@watkins.info
338,Mason ,Francis,1975-08-30,Mlton,mccormickjeremy@ramirez.net
339, nleyF,Grant,2003-07-12,Salford,brownsierra@price.com
340,Ntaan ,Mcdonald,1996-09-09,London,
341,Arabella ,Smith,2004-12-24,Leeds,kathryn20@goodman.com
342,Evans,Jacob ,1987-02-06,Southend-on-Sea,barrygary@flores.com
343,Isabelle ,Brown,1979-01-22,Stoke-on-Trent,josephwatson@smith.com
344,ryeT ,Roberts,1983-04-03,Dudley,summerschristina@fischer.info
345,Aabellr ,tmiS,2004-10-25,,kathryn20@goodman.com
346,ayn ,King,1982-06-22,oLndn,cervantesjasmine@cole.net
347,Richards,Charlie ,1991-03-13,Northampton,jacobstafford@hamilton.com
348,Archie ,George,1976-04-07,London,warrenanna@stuart-brooks.biz
349,Jacob ,Roberts,2004-01-27,London,ryannnble@bryat.info
350,mAeli ,Johnson,1985-05-04,Luton,zlsondanielle@martino.com
351,Reuben ,Taylor,1978-05-09,Lnndo,tiffanyrodriguez@rodriguez-yu.com
352,Arthur ,Bolton,1998-03-07,Nottingham,milesnine@floras.iz
353,Alfie ,Lno,2015-04-28,London,garciarichard@brady.com
354,Shaw,Eleanor ,1979-03-31,Birmingha,stephaniewebb@hart.net
355,Davies,Sienna ,2016-01-10,,heather69@martin-bradford.biz
356,Isabella ,Cooper,1987-11-18,Stockton-on-Tees,imoore@turner-gnzalze.info
357,,Thompson,1996-03-22,Leeds,jefferyduke@brown-salazar.org
358,Sara ,nacsoJ,1999-09-18,,kimashley@nguyen.info
359,Darcey ,,1977-11-28,Leeds,craigshelton@carpenter.com
360,Roberts,Tyler ,1983-04-03,Dudley,summerschristina@fischer.info
361,Carr,Ethan ,2012-11-15,London,stacyball@medina.biz
362,Gegre ,Kennedy,1984-07-05,London,jonesjustin@myers.com
363,Reuben ,Taylor,1978-05-09,Lonno,tiffanyrodrigueu@rodrigzez-u.com
364,,,1976-11-17,Leicester,becky18@roberts-frazier.info
365,Oscar ,Cunningham,1976-05-24,,douglas53@watkins.info
366,Ethan ,,2013-01-21,oodLn,stacyball@medina.biz
367,Jack ,samA,1976-08-27,Lecestre,
368,eabAlla ,Smith,2004-10-25,Leeds,kath0y2r@goodman.com
369,Finley ,Grant,2003-07-12,Salford,brownsierra@price.com
370,Phillips,Alex ,1991-04-05,Glasog,xsmith@cooper-garcia.com
371,,Shaw,1979-03-31,Birmingham,stephaniewebb@hart.net
372,Freddie ,,2004-11-15,Bolton,browndonald@mccormick.info
373,Isabella ,ropeC,1987-11-18,Stockton-on-Tees,imoore@turner-gonzalez.info
374,Arthur ,Bolton,1998-03-07,Nottingham,milesnina@flores.biz
375,Eoealr ,Shaw,1979-03-31,Birmingham,
376,Harry ,Lawrence,2016-12-25,Stoke-on-Trent,barbarapace@manning.org
377,Taylor,Harry ,2017-11-24,London,coltonray@lee.com
378,Charlie ,Ridharc,1990-12-29,Northampton,jacobstafford@hamilton.com
379,aSa ,Jkcaso,1999-09-18,Liveprol,
380,Brown,Martha ,2002-09-05,Southend-on-Sea,watsonthomas@jones-stuart.biz
381,,Davis,2001-07-13,Ipswich,jose33@trujillo.net
382,Jkc ,Foster,2007-08-12,London,qtran@wheeler-werner.biz
383,Jones,Harriet ,1980-06-23,London,trobinson@garza.com
384,Maya ,Jones,2010-10-20,Sudderlnn,erin01@york.com
385,Ethan ,Brown,2010-12-22,Manchester,petersbrandon@cox.com
386,Isabelle ,orBw,1979-01-22,Stoke-on-Trent,joshphwatson@smite.co
387,Thea ,Thomas,1982-09-29,Sheffield,jeffreyrogers@hernandez.info
388,Ivy ,ya,1996-04-18,Peterborough,s.ancllins@deanecom
389, yleT,Roberts,1983-05-17,Dudley,summerschristina@fischer.info
390,Harry ,Hil,2017-10-23,,zporter@robinson.com
391,Jacob ,Thomas,2007-05-28,Sunderland,hknapp@davis-allen.info
392,Ryan ,Turner,1990-03-21,London,onorman@walker.info
393,Clara ,Bolon,2013-07-11,,judy30@smith.biz
394,Mila ,Hall,2007-11-06,Biminrham,stephanieromero@smith.com
395,Daniel ,,2016-06-14,London,stewartkevin@gross.com
396,Ja k,Kirk,2008-02-17,London,fphillips@young-trner.info
397,Charlie ,Robertson,2016-11-08,Sheffield,gomezjohn@brooks.com
398,Jackson,Sara ,1999-11-04,Liverpool,kimashley@nguyen.info
399,Bond,Harry ,1980-02-28,London,alexanderthomas@reyes.com
400,Jones,Lucas ,2005-10-25,London,jihnsoncrytal@jarvos-mayer.info
401,J cob,Thomas,2007-05-28,Sudlreand,hknapp@davis-allen.info
402,Benjamin ,Kelly,2018-12-20,London,joshua10@werner.com
403,Elizabeth ,Maxwell,1980-07-29,Lede,edwards.atthew@mayermom
404,Isabelal,Cooper,1987-11-18,Stockton-on-Tees,imoore@turner-gonzalez.info
405,Smith,Amber ,2003-02-17,rndeSland,barrerakevih@sneran.org
406,Mohammed ,Patel,1989-05-06,Sheffield,heather31@cabrera-reed.com
407,Jacob ,Thomas,2007-05-28,,hknapp@davis-allen.info
408,Lucas ,Spencer,2007-10-26,ewnsSa,taylor24@maldonado.info
409,,Roberts,1983-03-21,Dudley,summerschrisnina@fischer.tfo
410,Oscar ,Fiher,2002-10-23,Derby,kevin40@harrell.net
411,Ethan ,Carr,2012-12-23,,stacyball@medina.biz
412,Harry ,Hill,2017-10-23,Sheffield,zporter@robinson.com
413,Freddie ,Roberts,2004-11-15,Bolton,browndonald@mccormick.info
414,Jack ,Perry,1976-02-16,London,lwolfe@walker.net
415,Lottie ,Forrest,1986-09-22,Briosl,
416,Gabriel ,Bartlett,1973-12-09,Wolverhampton,ogomez@robinson-mckinney.com
417,liL ,Young,1995-09-05,London,wesleykidd@miller.com
418,Wallace,George ,2018-10-31,Stoke-on-Trent,jonathan74@glover.com
419,,Davis,2001-07-13,Ipswich,jose33@trujillo.net
420,Ivy ,Taylor,1980-01-13,noLdo,jonesjennifer@pitts.com
421,Ball,Layla ,1992-04-02,Newcastle-upon-Tyne,stacykelly@brown.info
422,Iy ,,1996-04-18,Peterborough,seancollins@dean.com
423,,Anderson,2003-10-03,Lndon,
424,Harry ,llH,2017-10-20,Sheffield,zportsr@robineo.com
425,oliEt ,,1983-11-16,,phumphrey@hanson-johnson.net
426,Emily ,Brooks,1974-03-21,,millssamuel@alvarez-henry.com
427,Sophia ,Ellis,1981-08-14,Sheffield,danielle24@garcia-jones.net
428,Thedore ,Maxwell,1982-10-19,Leeds,markstewart@gross.com
429,Ivy ,Kay,1996-04-18,Peterborough,
430,Mrt ah,Brown,2002-09-01,Southend-on-Sea,watsonth@masojones-stuart.iz
431,Patel,Mohammed ,1989-03-19,Sheffield,
432,Bond,Harry ,1979-12-08,donLn,aeexanderthomas@reylscom
433,,Gibson,2005-04-24,,elizabeth81@smith.com
434,Harry ,Lawrence,2016-12-25,Stoke-on-ernt,barbarapace@manning.org
435,Hayr ,Tarlo,2017-10-24,London,coltonray@lee.com
436,Spencer,Lucas ,2007-10-26,Swansea,
437,Ivy ,Cunninmha,1990-11-02,Norwich,alyssa01@torres.com
438,Watson,Noah ,2008-03-23,Bolton,matthbw78eallard-mcdonald.net
439,Freddie ,Roberts,2004-11-15,Bolton,browndonald@mccormick.info
440,,Brown,2010-12-22,Manchster,petersbrandon@cox.com
441,Ethan ,Brown,2010-12-22,Manchester,petersbrandon@cox.com
442,,Taylor,2008-08-22,Swindon,xd-y@higginsalwis.com
443,Oivi a,Gordon,1993-01-19,London,xfuller@roy.biz
444,Taylor,Sienna ,2005-03-13,riveLpol,javierfrederik@kellr.oyg
445,Zachary ,Newman,1987-03-26,,jessicapowell@hardin-mcgee.net
446,Oliver ,Thompson,2012-02-04,,amandn06@suttoa.cm
447,Alfie ,Taylor,2005-07-14,London,
448,Charlote ,Cooper,1995-07-11,Sunderland,toddsean@wilkins-burton.biz
449,Gabriel ,Potter,1977-12-21,Leeds,rachelschmitt@george-walker.com
450,Millie ,Harris,1996-07-27,,lynn04@jones.com
451,Ivy ,Taylor,1980-03-02,London,jonesjennifer@pitts.com
452,Noah ,Morris,1983-07-20,Birmingham,emilysmith@irwin-medina.biz
453,Mia ,Cooke,2013-11-20,oLndn,courtneywilson@smith.com
454,Harry ,Hill,2017-10-23,,zporter@robinson.com
455,Shaw,Eleanor ,1979-06-16,Birmingham,stephaniewebb@hart.net
456,,Ellis,2013-01-14,Stoke-on-Trent,wmcdaniel@nelson.net
457,Jasper ,,1981-07-25,London,martinsusan@woods.com
458,Michael ,Taylor,1993-06-23,Brighton,rhmndawilliams@gnzalez-scott.coo
459,Amber ,Smith,2003-05-12,,barrerakevin@sherman.org
460,Mohammad ,,1997-06-23,Swansea,shollnd@b.rkeunet
461,Ivy ,Kay,1996-04-18,Peterborough,seancollins@dean.com
462,Mia ,Cooke,2013-12-31,London,courtneywilson@smith.com
463,Oliver ,Cook,2013-03-24,Coventry,michelemorrow@herrera.om
464,Leo ,,1983-08-31,Mncehster,smyers@andersen-lee.com
465,Stone,Lucy ,2011-11-26,Middlesbrough,
466,Jack ,Adams,1976-08-27,Leicester,becky18@roberts-frazier.info
467,Lewis,Abigail ,2017-02-05,Reidag,james08@hernandez.info
468,Cameron,Riley ,2018-06-18,Bournemouth,fisherdaniel@smith.com
469,Jack ,Foster,2007-08-12,London,qtranwheeler-werner.biz
470,Mohammed ,Owen,2018-01-14,Cardiff,
471,Mason ,naFcis,1975-06-11,Milton,
472,Collins,Evie ,1988-10-25,Londn,travis53@jensen.com
473,James ,Hopkins,1986-08-31,Birmingham,david19@willis-bowman.org
474,Ivy ,Cunningham,1990-11-20,Nwrich,
475,Taylor,Reuben ,1978-05-09,London,tiffanyrodriguez@rodriguez-yu.com
476,Aelia ,Johnson,1985-05-04,Lton,olsondanielle@martinez.com
477,Ol vri,ynnollC,1972-03-08,Plymouth,derekwilliams@norris.com
478,Cross,Thomas ,1992-10-16,London,mrusso@hancock.com
479,Logan ,Nichosno,1999-04-14,Glasgow,longdebra@dixon.com
480,Martha ,Brown,2002-09-01,Southend-on-Sea,watsonthomas@onesistuart.b-z
481,Layla ,Ball,1992-04-02,Newcastle-upon-Tyne,stacykelly@brown.info
482,,Smith,1991-02-26,Southampton,lisaharmon@montgomery.com
483,Scarlett ,Parsons,1985-11-21,,
484,Oscar ,Grant,1991-04-11,Iwspch,margaret50@garrett.com
485,George ,Hodgson,1980-12-30,Sheffied,lori88@huynh.biz
486,Harry ,Taylor,2017-09-01,London,coltonray@lee.com
487,Ivy ,Taylor,1980-01-13,London,jonesjennifer@pitts.com
488,Thea ,Thomas,1982-09-29,Sheffield,jeffreyrogers@hernandez.info
489,Olivia ,Andrews,2009-01-23,London,hesterkuot@taylrr-fitzgeraldcom
490,Charlie ,Robertson,2016-11-08,Sheffield,gomezmoh@brooks.coj
491,,schardR,1981-05-25,Coventry,stephenwalters@white-wade.com
492,Webster,Darcy ,1984-02-07,Colchester,katherine96@kim-martinez.com
493,Oscar ,Fisher,2002-10-07,Derby,kevin40@harrell.net
494,,Long,2015-02-05,London,garciarichard@brady.com
495,Arthur ,Bolton,1998-03-07,Nottingham,milesnina@flores.biz
496,Emma ,Dixon,2013-11-25,Stockton-on-Tees,maynardhaley@clark-graves.com
497,,Jones,2003-11-25,Brighton,samuel91@curry.info
498,Matthew ,Bradley,2018-03-18,London,amandamartinez@melton.com
499,Baxter,Aria ,1992-09-30,London,christineshepherd@allen.com
500,King,Ryan ,1982-08-12,London,cervantesjaemin@cols.net
501,,Maxwell,1982-10-19,Leeds,markstewart@gross.com
502,Harry ,Taylor,2017-11-24,London,coltonray@lee.com
503,Moh medm,Patel,1989-03-19,Sheffield,he3ther1@cabrera-reed.com
504,Nathan ,Mcdonald,1996-09-09,London,barbara84@robbins.biz
505,,Taylor,1993-06-23,,rhondawilliams@gonzalez-scott.com
506,Ja c,Foster,2007-08-12,London,qtran@wheeler-werner.biz
507,Thomas ,Mills,1970-03-09,London,
508,Sophi ,Ellis,1981-10-21,Sheffield,danielle24@garcia-jones.net
509,Elijah ,,1970-06-01,Sunderland,barbaraolson@smith.com
510,Harrison ,,2005-02-03,London,elizabeth81@smith.com
511,Gabriel ,Potter,1977-12-21,Leed,
512,,Johnson,1993-01-31,Middlesrough,maureenwagnr@baroett.cnm
513,,Smith,2003-05-12,Sunderland,barrerakevin@sherman.org
514,Smith,Gracie ,2016-05-13,London,
515,Roberts,Freddie ,2004-11-15,Bolton,brmwndoald@occormick.info
516,Harris,Matilda ,1983-04-30,London,patricia47@davis.com
517,Daneli,Palmer,2016-06-14,London,stewartkevin@gross.com
518,Edward ,wLis,2005-04-09,,whitakernichole@booth.com
519,Henry ,Owen,2016-05-16,Kingston-upon-Hull,nicobaslutler@jackson.net
520,,Grant,1991-04-11,Iiwsch,
521,,Lna,2016-02-18,,duanejames@reyes.net
522,Jacob ,Eans,1987-02-06,Southend-on-Sea,
523,Henry ,Owen,2016-03-06,Kingston-upon-Hull,nicholasbutler@jackson.net
524,Carr,Ethan ,2012-10-21,London,stacyball@medina.biz
525,Leo ,Jones,2019-06-15,London,tcarr@lweis-kine.com
526,Lottie ,errFst,1986-09-22,Bristol,jesus40@allen-graves.com
527,Eleanor ,Shaw,1979-03-31,Birmingham,stephaniewebbhart.net
528,James ,Hopkins,1986-08-31,Birmingham,david19@willis-bowman.org
529,,,2018-10-30,Stoke-on-Trent,jonathan74@glover.com
530,Hariet ,Joes,1980-06-23,London,trobinson@garza.com
531,Freddie ,Pamer,2008-08-10,Blfast,ndavis@miller-mccoy.org
532,Martha ,Brown,2002-09-01,Southend-on-Sea,watsonthomas@jones-stuart.biz
533,Riley ,Cameron,2018-09-18,,fsheroaniel@smith.cdm
534,Aad ,Berry,1986-02-08,London,walterdunn@pham-hill.com
535,Freddie ,,2016-02-18,London,duanejames@reyes.net
536,Martha ,Brown,2002-10-06,Southend-on-Sea,watsonthomas@jones-stuart.biz
537,,Davis,2001-07-13,Ipswich,jose33@trujillo.net
538,Olivia ,Andrews,2009-03-24,London,hesterkurt@taylor-fitzgerald.com
539,Evans,Jacob ,1987-02-06,Souhend-oS-nea,barrygary@flores.com
540,Alexander,Amelia ,1983-05-19,Glasgow,ic-mpbell@allealewis.org
541,Logan ,Nicholson,1999-03-31,,longdebra@dixon.com
542,Brown,Emily ,2005-07-15,London,sarahnron@mckinbey.com
543,Enht ,Brow,2010-12-22,Manchester,petersbrandon@cox.com
544,Alfie ,,1997-03-13,London,jennifermarshall@browning.com
545,lyer ,,2001-07-13,,jose33@trujillo.net
546,George ,Hodgson,1980-10-09,,nori88@huylh.bi
547,Evie ,noliCs,1988-10-25,London,travis53@jensen.com
548,Jackson,Sara ,1999-12-18,Liverpool,kimashley@nguyen.info
549,Etnah,Carr,2013-01-21,London,stacyball@medina.biz
550,Wilson,Charlie ,1998-09-15,London,samantha81@henry.com
551,Thomas,Harry ,2011-09-18,,sandra26@and.rsondavisecom
552,Jessica ,Gray,1971-08-18,London,scottcervantes@johnson-rich.com
553,Nancy ,Taylor,1989-08-19,London,wagnershane@landry.com
554,Davies,Sienna ,2016-01-10,Plymouth,heathern9@mart6-bradford.biz
555,Smith,Eliza ,1990-12-16,,lisaharmon@montgomery.com
556,Henry,Owen,2016-05-16,Kingston-upon-Hull,nicholasbutlesjack@on.net
557,Logan ,Niohclon,1999-05-04,Glasgow,longdebra@dixon.com
558,Thomas,Jacob ,2007-07-06,Sunderland,hknapp@davis-allen.info
559,Roberts,Jacob ,2004-01-27,London,ryannoble@bryant.info
560,Maya ,Jones,2010-08-05,Sunderland,erino@y0rk.com
561,Carr,Ethan ,2013-01-21,London,stacyball@medina.biz
562,,ooke,2013-12-31,,courtneywilson@smith.com
563,Thompson,Ollie ,1996-03-22,,jefferyduke@brown-salazar.org
564,Jones,Leo ,1983-08-31,Manchester,
565,aHry ,Thomas,2011-07-30,Belfast,sandra26@anderson-davis.com
566,,,2016-02-18,London,duanejames@reyes.net
567,Harry ,Hill,2017-09-21,Sheffield,zporter@robinson.com
568,Ivy ,Kay,1996-04-18,Peterborough,seancollins@dean.com
569,Alfie ,Catre,1997-02-09,London,jcnnifermarshall@browning.eo
570,Darcy ,Webster,1984-02-07,Coschelte,iatherine96@kkm-martinez.co
571,,Thompson,1995-12-18,Leeds,
572,Benjamin ,Kelly,2018-12-20,London,joshua10@werner.com
573,Matthew ,Bradley,2018-03-18,London,amandamartinez@melton.com
574,Aam ,Brre,1986-04-22,nodon,
575,Aex ,Phillips,1991-04-05,Glasgow,xsmith@cooper-garcia.com
576,Nicholson,Logan ,1999-06-09,Glsgow,longdebra@dixon.com
577,George ,Wallace,2018-10-31,Stoke-on-Trent,jonathan74@glover.com
578,Lucy ,Stone,2011-11-26,Middbeslough,ppruitt@kirby.org
579,Wright,Jude ,2017-03-28,Belfast,lynnchapman@crawfard-lozon.com
580,Mila ,Hall,2007-10-30,Bimingram,stephanieromero@smith.com
581,Charlotte ,Cooper,1995-07-11,Sunderland,toddseon@wilkins-buran.biz
582,Chloe ,Miller,2018-12-08,London,zmartinez@velazquez.com
583,Roberts,Jacob ,2004-03-24,London,ryannoble@bryant.info
584,,Kelly,2018-09-12,London,joshua10@werner.com
585,Cooper,Isabella ,1987-11-18,Stockton-on-Tees,imoee@turnrr-gonzalez.info
586,Isabella ,cllaWe,2000-02-01,London,hilltheresa@pearson.org
587,Martha ,Brown,2002-09-01,Southend-on-Sea,watsonthomas@jones-stuart.biz
588,Leo ,Jones,2019-06-15,Ldnon,tcarr@lewis-kline.com
589,Nathan ,Mcdonald,1996-09-09,London,barbara84@robbins.biz
590,Johnson,Amelia ,1985-05-04,Luton,olsondanielle@martinez.com
591,Thea ,Tamhs,1982-09-29,Sheffield,jeffreyrogers@hernandez.info
592,Emily ,ooBks,1974-02-11,mrminghaB,millssamuel@alvarez-henry.com
593,Aria ,Baxter,1992-09-07,London,christineshepherd@allen.com
594,Tyler ,Hughes,1971-10-26,Leeds,dawn74@mckay.com
595,Jack ,Foster,2007-08-12,London,qtran@wheeler-werner.biz
596,Berry,Adam ,1986-02-08,nondo,walterdunn@pham-hill.com
597,oNah,Watson,2008-03-23,Bolton,matthew78@ballard-mcdonald.net
598,Riley ,Cameron,2018-06-18,Bournemouth,fisherdaniel@smith.com
599,,Fletcher,1975-01-15,Colchester,wrightmatthew@young-nelson.com
600,,Evans,1987-02-06,Southend-on-Sea,
601,Maisie ,Foster,2001-08-30,Loodn,
602,Feddir ,Lane,2016-02-18,,duanejames@reyes.net
603,,rebstW,1984-02-07,Colchester,katherine96@kim-martinez.com
604,Flcrnoe ,Morris,1993-01-29,,paul49@allen.biz
605,Cross,Thomas ,1992-10-16,London,orusso@hanmck.com
606,Millie ,Harrs,1996-07-27,London,lynn04@jones.com
607,aHry ,Hill,2017-12-05,Sheffield,zporter@robinson.com
608,Caleb ,Khan,2000-10-09,Warrington,vmoreno@russell.biz
609,Amber ,tmih,2003-06-15,Sunderland,barrerakevin@sherman.org
610,,Brown,2005-07-15,London,sbraharown@ckinney.com
611,Olivia ,Andrews,2009-01-23,,hesterkurt@taylor-fitzgerald.com
612,Emily ,Brown,2005-07-15,Lndon,sarahbrown@mckinney.com
613,Potter,Gabriel ,1977-12-21,Leeds,rachelschmitt@george-walker.com
614,Emily ,Brooks,1974-02-11,Birmingham,millssamuel@alvarez-henry.com
615,Thompson,Oliver ,2012-02-04,Leicester,amanda06@sutton.com
616,Mohammed ,Owen,2018-01-14,Cardiff,gkennedy@vincent.com
617,iredFe ,Bartlett,1979-02-19,London,virginia80@henson.info
618,Taylor,Harry ,2017-11-24,London,coltonray@lee.com
619,Henry ,Ali,2012-11-30,Newcastle-upon-Tyne,
620,,Joes,2005-10-25,Lndoo,
621,Freddie ,Palmer,2008-08-10,Belfast,ndavis@miller-mccoy.org
622,Isla ,Beattie,2008-05-07,Btlon,susanmoreno@edwards-wallace.com
623,Scarlett ,Parsons,1985-11-21,London,shirleybaker@smith-hall.biz
624,O brien,Edward ,1997-01-10,London,kendrawashington@williams-wallace.biz
625,,Lee,2000-07-29,London,zlynch@miller.com
626,Scarlett ,Psrson,1985-11-21,,
627,Thomas ,Mills,1970-03-09,London,hensondrbbie@gaeia.com
628,Gabriel ,,1973-12-14,Woterhampvon,ogomez@robinson-mckinney.com
629,Hary ,aLrence,2016-12-11,,barbarapace@manning.org
630,Joshua ,Harrison,2015-09-06,,zacharymays@hill.com
631,Sara ,,1999-09-18,Liverpool,kimashley@nguyen.info
632,Darcy ,Webster,1984-02-07,Colchester,
633,Elliot ,Jones,1983-11-16,Leeds,phumphrey@htnson-johnson.na
634, sarO,Fisher,2002-10-07,Derby,kevin40@harrell.net
635,Mia ,Cooke,2013-12-31,nondL,courtneywilson@smith.com
636,Gabriel ,Bartlett,1973-12-09,Wolvenamptoh,ogomez@robinson-mckinney.com
637,Henry ,Ali,2012-11-30,Newctsale-pon-Tyne,laura12@nelson.com
638,Oliver ,Cook,2013-03-24,Coventry,michelemorrow@herrera.com
639,,Jones,2019-06-15,London,tcarr@lewis-kline.com
640,Harry ,Bond,1979-12-08,,alexanderthomas@reyes.com
641,,,1983-11-16,Leeds,
642,,Morris,1993-03-31,Southampton,paul49@allen.biz
643,Mila ,Hall,2007-10-30,Birmingham,stephanieromero@smith.com
644,Mohammed ,Owen,2018-01-14,Cardiff,gkennedy@vincent.com
645,Theodore ,,1982-09-10,Leeds,markstewart@gross.com
646,Mohammed ,Owen,2018-01-14,,gkennedy@vincent.com
647,Foster,Maisie ,2001-07-13,London,hhill@paul-day.org
648,Abigail ,Lewis,2017-02-05,,jomes08@hernandz.infa
649,Taylor,Sienna ,2005-07-23,Liverpool,javierfrederick@kelly.org
650,Brown,Ethan ,2010-12-22,Manchester,petersbrandon@cox.com
651,Noah ,Watson,2008-03-23,Bolton,matthew78@ballard-mcdonald.net
652,Daniel ,Palmer,2016-05-18,London,
653,Brown,Ethan ,2010-12-22,tanchesMe,petersbrandon@cox.com
654,Gibson,Noah ,1987-08-24,London,avazquez@banks.com
655,Matilda ,Hsrir,1983-04-30,London,patrcio47@davis.cam
656,Ivy ,Taylor,1980-01-13,Lodno,jonesjennifer@pitts.com
657,Maya ,Jones,2010-08-05,Sunderland,erin01@york.com
658,Isabelle ,Brown,1979-01-22,Stoke-on-Trent,josephwatson@smith.com
659,aDiel ,,2013-01-14,Stoke-on-Trent,wmcdaniel@nelson.net
660,Brown,Martha ,2002-09-01,Southend-on-Sea,watsonthomas@jones-stuart.biz
661,Eva ,leB,2001-08-09,,shepcerdtara@fores.hom
662,Lily ,Ynuo,1995-09-05,London,
663,eyTr ,Hughes,1971-10-26,Leeds,dawn74@mckay.com
664,Watson,Noah ,2008-03-23,,matthew78@ballard-mcdonald.net
665,Tylr ,Davis,2001-07-13,Ipswich,jose33@trujillo.net
666,Gray,Jessica ,1971-08-18,,scottcervantes@johnson-rich.com
667,,Cameron,2018-06-18,Bournemouth,
668,Morris,Noah ,1983-07-20,Birmingham,
669,King,Aisha ,1980-04-24,Telford,berrylary@gonzalesb.iz
670,,Roberts,2003-12-16,London,ryannoble@bryant.info
671,Mason ,Collins,1975-05-21,Birmingham,christina86@cummings.com
672,Bennett,Grace ,2014-08-04,London,hessaaylk@carte.com
673,Isabelle,Crate,2002-03-18,Dudley,caldwellmichelle@green.biz
674,Mccarthy,Jasmine ,2002-08-23,Kingston-upon-Hull,
675,Freya ,Hughes,2018-04-28,London,allison88@urley-norrrs.oig
676,Ivy ,Parker,1989-03-02,London,bellsara@davis-fisher.com
677,Iy ,,1980-01-13,London,jonesjennifer@pitts.com
678,Lily ,Jackson,2000-07-30,Mlnsfied,lewischristophr@black-thomas.net
679,Theodore ,,1982-10-19,Leeds,markstewart@gross.com
680,George ,Hill,1984-03-16,Northampton,sminhmelinda@christtsen-harvey.com
681,Thea ,,1982-09-29,Sffhield,jeffreyrogers@hernandez.info
682,Mohammed ,Owen,2018-01-14,Cardiff,gkennedy@vincent.com
683,Leo ,Jones,2019-06-15,Lndon,tcarr@lewis-kline.com
684,Lilly ,Jones,2003-11-25,Brighton,samuel91@curry.info
685,Ollie ,Thompson,1996-03-22,Leeds,jefferyduke@brown-alazar.org
686,Riley ,Crmaon,2018-09-23,Bournemouth,fisherdaniel@smith.com
687,,Davies,2016-01-10,Plymouth,heather69@martin-bradford.biz
688,,Young,1995-11-09,London,weslcykidd@miler.eom
689,,Young,1995-11-03,London,wesleykidd@miller.com
690,Gordon,Olivia ,1993-01-19,London,
691,Hall,Mila ,2007-10-30,Birmingham,stephanieromero@smith.com
692,,Shaw,1979-03-31,Birmingham,stephaniewebb@hart.net
693,Thomas ,Cross,1992-10-16,London,mrusso@hancock.com
694,Eva ,Harris,1971-01-29,Birmingham,vwilson@reyes-torres.com
695,Lottie ,Forrest,1986-09-22,,jesu4e@allen-grav0s.com
696,Isablle ,Brown,1979-01-22,Ttke-on-Srent,josephwatson@smith.com
697,Molly ,Bell,2002-01-05,Peterborough,
698,Eliza ,Smith,1991-02-26,Sumhatpton,
699,Nthaa ,Mcdonald,1996-09-09,Londo,barbara84@robbins.biz
700,Saeni ,Davies,2016-01-10,Plymouth,heather69@martin-bradford.biz
701,Oscar ,Cunningham,1976-08-07,Brighton,douglas53@watkins.info
702,Zachary ,Newman,1987-04-03,Lndon,jessicapowell@hardin-mcgee.net
703,Chloe ,Miller,2018-12-08,,zmartinez@velazquez.com
704,Eli a,Smth,1991-02-26,Southampton,
705,Ivy ,Taylor,1980-01-13,Lonon,jonesjennmfer@pitt.coi
706,Williams,George ,1981-08-06,London,derek58@gibbs.biz
707,Logan ,Nicholson,1999-06-09,Glasgow,longdebra@dixon.com
708,Harry ,Thomas,2011-07-30,elfast,sandra26@anderson-davis.com
709,Nathan ,lconaMd,1996-09-09,London,birara84@robbins.baz
710,Arlo ,,2015-06-05,Aberdeen,charles81@nelson.biz
711,Turner,Ryan ,1990-06-04,London,onorman@walker.info
712,Adams,Jack ,1976-08-27,Leicester,becky18@roberts-frazier.info
713,Cooper,Isabella ,1987-11-18,Stocton-ok-Tees,imoore@turner-gonzalez.info
714,Thomas ,Cross,1992-10-16,London,mrusso@hancock.com
715,Thea ,Thomas,1982-09-29,Shefdief,jeffreyrogers@hernadez.info
716,Wliiam ,Wood,1994-07-11,Newcastle-upon-Tyne,aprilkelly@french-carlson.com
717,Noah ,Gibson,1987-08-21,London,avazquez@banks.com
718,Elijah ,James,1970-03-24,Sunderland,barbaraolson@smith.com
719,Ja prs,,1981-07-25,London,sartinsusan@wodm.com
720,Harrison,Joshua ,2015-09-06,Southend-on-Sea,zacharymays@hill.com
721,Freddie ,Roberts,2004-10-10,Bolton,bromndonald@wccormick.inf
722,Zachary ,Nenmw,1987-04-09,London,jessicapowell@hardin-mcgee.net
723,Owen,Henry ,2016-05-16,Kingston-upon-Hull,nicholasbutler@jackson.net
724,Arlo ,Morgan,2015-05-20,Adereen,charles81@nelson.biz
725,Alfie ,Long,2015-02-05,London,garciarichard@brady.com
726,Alfie ,Taylor,2005-06-20,,michellejackson@smith-trujillo.com
727,Taylor,Ivy ,1980-01-13,London,jonesjennifer@pitts.com
728,George ,Hill,1984-03-16,Northampton,smithmelinda@christensen-harvey.com
729,Tyler ,,2001-07-13,,
730,Aisha ,King,1980-04-24,Telford,berrylarry@gonzales.biz
731,Dacy ,,1984-01-17,Colchester,katherine96@kim-martinez.com
732,Gabriel ,Potter,1977-12-21,Leeds,rache@schmittlgeorge-walker.co
733,Alexander ,Cooper,2002-01-18,Newcastln-upn-Tyee,sarah21selmers.col
734,Taylor,Ivy ,1980-01-13,London,jonesjennifer@pitts.com
735,Francis,Mason ,1975-08-30,,mccormickjeremy@ramirez.net
736,Gracie ,Smith,2016-01-26,London,christopher02@harper-mille.com
737,Mccarthy,Jasmine ,2002-09-08,Kingston-upon-Hull,william04@martinez.info
738,Isabella ,Coepo,1987-11-18,Stockton-Tn-oee,imoore@turner-gonzalez.info
739,Chloe ,Miller,2018-12-08,Londo,zmartinez@velazquez.com
740,Teddy ,Walker,1996-11-05,Leecster,michelle49@turner.org
741,Maisie ,Fesor,2001-08-30,London,hhill@paul-day.org
742,George ,Hill,1984-03-16,,smithmelinda@christensen-harvey.com
743,Chirla ,Taylor,2006-06-28,London,mbrooks@booker.com
744,Hrra ,oBn,1979-12-08,noLdo,alexanderthomas@reyes.com
745,Alfie ,,2015-02-05,London,garci.richard@bradycom
746,Ethan ,Cra,2013-01-21,London,
747,Thedero ,Mxwell,1983-01-18,Leeds,markstewart@gross.com
748,Amber ,Smith,2003-05-12,Sunderland,barrerakevin@sherman.org
749,Mila ,Hll,2007-10-30,Bhmingram,stephanieromero@smith.com
750,Amelia ,Alexander,1983-05-19,Glasgow,icampbell@allen-lewis.org
751,Wallace,George ,2018-10-31,StkeTon--rent,jonathan74@glover.com
752,,Connolly,1972-03-08,Plyohtu,derekwilliams@norris.com
753,Mills,Thomas ,1970-03-09,London,hensondeobie@garca.cbm
754,Wallace,George ,2018-10-31,Stoke-on-Trent,jonathan74@glover.com
755,Alfie ,,2015-02-05,London,garciarichard@brady.com
756,hicMae ,Taylor,1993-06-23,Brighton,rhondawilliams@gonzalez-scott.com
757,Thomas ,Mills,1970-03-09,London,hensondebbie@garcia.com
758,Amelia ,Jhonso,1985-05-04,Luton,olsodanielle@martinez.com
759,Emily ,Brooks,1973-11-19,Birminmag,milssamuel@al-arezvhenry.com
760,Oscar ,James,1985-03-26,,carlos74@byrd.com
761,Ali e,Taylor,2005-06-20,London,michellejackson@smith-trujillo.com
762,Caleb ,Kan,2000-10-09,Wirangton,vmoreno@ussell.zib
763,Thea ,Thomas,1982-09-29,Sheffield,jeffreyrogers@hernandez.info
764,Adams,Jack ,1976-08-27,Leicester,becky18@roberts-frazier.info
765,Isaac ,Taylor,2008-09-09,Swndon,xday@higgins-lewis.com
766,Harry ,Bond,1979-12-08,London,alexanderthomas@reyes.com
767,Archie ,Ggore,1976-07-16,Lodon,warrenanna@stuart-brooks.biz
768,Baxter,Emilia ,1994-11-08,Edinburgh,zncharymartinez@taylo-johnsoa.com
769,Nathan ,Mcdonald,1996-09-09,Lndon,barbara84@robbins.biz
770,ahoTs ,,1970-03-09,,hensondebbie@garcia.com
771,Emily ,Brooks,1974-02-11,iBrmingam,millssamuel@alvarez-henry.com
772,Noah ,Gibson,1987-05-18,London,avazquez@banks.com
773, ganL,Nicholson,1999-06-09,,longdebrm@ixon.coa
774,Noah ,Gibson,1987-07-20,London,avazquec@bnks.zom
775,eeorG ,Wellaa,2018-10-31,Stoke-on-Trent,jonathan74@glover.com
776,George ,Williams,1981-08-06,London,derek58@gibbs.biz
777,Olivia ,Andrews,2009-01-23,London,hesterkurt@taylor-fitzgerald.com
778,raDc ,Webster,1984-02-07,Colchester,
779,Edward ,,2005-08-23,oLdon,whitakernichole@booth.com
780,Noah ,Walker,2019-05-01,Leicester,jonohan52@eaton.arg
781,Tyler ,Davis,2001-07-13,Iwspih,jose33@trujillo.net
782,Tyler ,Hughes,1971-10-26,Leeds,
783,George ,Cook,1973-03-29,London,lgonzalez@hicks-lewis.com
784,George ,,1980-12-30,Shefdeli,lori88@huynh.biz
785,Teddy ,Walker,1996-08-27,Leicester,
786,Harriet ,Jnoe,1980-03-25,London,trobinson@garza.com
787,,Taylor,2005-06-01,London,michellejackson@smith-trujillo.com
788,Jake ,Kirk,2008-02-17,London,fphillips@young-turner.info
789,Lilly ,Jones,2004-01-25,Brighton,samuel91@curry.info
790,Stone,Lucy ,2011-11-26,Middlesbrough,ppruitt@kirby.org
791,Clara ,Bolton,2013-09-26,London,juym0@s3ith.biz
792,Jacob ,Evans,1987-02-06,Southen-donSea,barrygary@flores.com
793,Freddie ,Roberts,2004-11-15,Bolton,browndonald@mccormick.info
794,Alfie ,Taylor,2005-06-20,London,michellejackson@smith-trujillo.com
795,Richards,Charlie ,1990-12-14,,jacobstafford@hamilton.com
796,Owen,Mohammed ,2018-01-17,Cardiff,gkennedy@vincent.com
797,,Bell,2001-08-11,,shepherdtara@flores.com
798,George ,Wallace,2018-10-31,Stoke-on-Trent,jonathan74@glover.com
799,Edward ,Lewis,2005-05-26,London,whitakernichole@booth.com
800,Miller,Abigail ,2001-10-03,Stoke-on-Trent,mark00@mills-carrillo.com
801,Amelia ,Alexander,1983-04-30,Glasgow,icampbeal@lllen-lews.org
802,Lottie ,Forrest,1986-09-22,Bristol,jesus40@allen-graves.com
803,James ,Hopkins,1986-08-31,Birmingham,david19@willis-bowman.org
804,Mia ,Cooke,2013-12-31,London,courtneywilson@smith.com
805,Isabelle ,Carter,2002-05-17,Dudley,caldwellmichell@green.biz
806,Amelia ,Alexander,1983-05-19,Glaogw,
807,Elijah ,saeJ,1970-06-01,Sunderland,
808,Tyler ,Davis,2001-07-13,Ipsiwh,jose33@trujillo.net
809,Jacob ,Evans,1987-02-06,Southend-on-Sea,barrygary@flores.com
810,,Jones,1980-06-23,London,trobinson@garza.com
811,,Mcdonald,1996-09-09,London,barbara84@robbins.biz
812,Robertson,Charlie ,2016-09-26,,gomezjohn@brooks.com
813,Collins,Mason ,1975-05-21,Birmingham,christina86@cummings.com
814,Hill,Harry ,2017-10-23,Sheffield,zorter@robpnson.com
815,Ivy ,Ky,1996-01-13,Peterborough,seancollins@dean.com
816,Emilia ,Btxae,1994-11-08,Edinburgh,zacharymartinez@taylor-johnson.com
817,George ,Hodgson,1980-12-30,Sheffield,lori88@huynh.biz
818,Adam ,Berr,1986-02-08,London,walterdunn@pham-hill.com
819,Darcy ,Webtsr,1984-02-07,Colchester,katherine96@kim-martinez.com
820,Adam ,Berry,1986-04-25,Londn,walterdunn@pham-hill.com
821,Bennett,Grace ,2014-08-04,nodoL,hesskayla@carter.com
822,J obc,Evans,1987-02-06,Southend-on-Sea,barrygary@flores.com
823,Noah ,Morris,1983-07-20,Birmingham,emilysmith@irwin-medina.biz
824,Fredie ,Roberts,2004-11-15,Bolton,browndonald@mccormick.info
825,Jessica ,Gar,1971-08-18,,tcostcervantes@johnsonrich.com
826,Layla ,Ball,1992-07-03,Newcastle-upon-Tyne,stacykelly@brown.info
827,Sara ,Joksan,1999-09-18,Liverpool,kimaslen@yguyen.info
828,George ,Coo,1973-03-29,,lgonzalez@hicks-lewis.com
829,Ivy ,Taylor,1980-01-13,London,
830,Harrison,Joshua ,2015-07-31,Southend-on-Sea,
831,Noah ,Watson,2008-02-05,tolon,matthew78@ballard-mcdonald.net
832,Emily ,Brooks,1974-02-11,irmBngham,millsamoel@alvarez-henry.cum
833,Mohammed ,Patel,1989-03-19,Sheffield,heather31@cabrera-reed.com
834,,Robertson,2016-11-08,,gomezjohn@brooks.com
835,Mila ,Hall,2007-10-30,,stephanieromero@smith.com
836,Jasmine ,Mccarthy,2002-08-23,Kingston-upon-Hull,william04@martinez.info
837,Berry,Adam ,1985-12-04,London,walterdunn@pham-hill.com
838,Florence ,Morris,1993-01-29,Southampton,paul49@allen.biz
839,Eh na,Carr,2013-01-21,London,stacyball@medina.biz
840,Amber ,Smith,2003-05-12,Sunderland,barrerakevin@sherman.org
841,Lucas ,Wlliams,1976-10-30,Bristol,kennethingram@butler.com
842,Perry,Jack ,1975-11-15,donLn,
843,James,Elijah ,1970-06-30,Sunderland,barbaraolson@smith.com
844,Emily ,Brwn,2005-07-15,London,sarahbrown@mckinney.com
845,Kelly,Benjamin ,2019-01-24,London,josua10@werher.com
846,Finley ,,2003-07-12,Salford,brownsierra@price.com
847,Amber ,,2003-07-06,Sunderland,barreroevin@sherman.arg
848,Lewis,Edward ,2005-05-26,London,whitakernichole@booth.com
849,Lucy ,Stone,2011-11-26,Middlesbrough,
850,Henry ,Owen,2016-05-16,,nicholasbutler@jackson.net
851,Arlo ,Morgan,2015-05-15,Aberdeen,charles81@elion.bsz
852,Theodore ,Maxwell,1982-10-19,,
853,Chloe ,Macdonald,2015-02-04,,jennifer25@hill.biz
854,Sienna ,,2016-01-10,Plymouth,heather69@martin-bradford.biz
855,Roberts,Jacob ,2003-10-31,London,ryannoble@bryant.info
856,Julia ,Taylor,2016-01-27,London,hannah88@powers.com
857,Lily ,,1995-09-05,London,wesleykidd@miller.com
858,Oliver ,Cook,2013-03-24,,michelemorrow@herrera.com
859,King,Aisha ,1980-04-24,Telford,berrylarry@gonzales.biz
860,Martha ,Brown,2002-09-01,Southend-on-Sea,watsonthomas@jones-s.urttbiz
861,,Taylor,1978-05-09,Ldnon,tiffanyrodriguez@rodriguez-yu.com
862,,Lane,2016-02-18,London,duanejames@reyes.net
863,,Fisher,2002-10-07,Derby,
864,Gabriel ,Bartltt,1973-12-09,Wolverhampton,ogomez@robinson-mckinney.com
865,Geoger,Williams,1981-07-23,London,derek58@gibbs.biz
866,cMhael ,Taylor,1993-06-23,Brighton,rhondawilliams@gonzalez-scott.com
867,Isabell ,Coopr,1987-11-18,Stockton-on-Tees,imoore@turner-gonzalez.info
868,Alfi ,Carter,1997-03-13,London,jennifermarshall@browning.com
869,Russell,Alexander ,1982-03-24,Lndon,virginiarodriguez@holmes.org
870,Russell,Alexander ,1982-03-24,London,virginiarodriguez@holmes.org
871,Collins,Mason ,1975-05-21,Birmingham,christina86@cummings.com
872,Isabella ,,2000-02-01,Lndoo,hilltheresa@pearson.org
873,A ma,Bery,1986-02-08,London,walterpunn@dham-hil.com
874,Morris,Noah ,1983-07-20,Birmingham,emilysmith@irwin-medina.biz
875,,nrGt,1991-06-27,Ipswich,margaret50@garrett.com
876,Ball,Layla ,1992-05-07,Newcastle-upoT-nye,stacykelly@brown.info
877,Alr ,Morgan,2015-05-15,Aberdeen,charles81@nelson.biz
878,Young,Lily ,1995-11-13,London,wesleykidd@miller.com
879,Emily ,Brooks,1974-02-11,Birmingham,millssamuel@alvarez-henry.com
880,Lilly ,Jones,2003-12-30,,samue91rcu@ry.info
881,,lalWac,2018-11-06,Stoke-on-Trent,jonathn74@gloverc.om
882,Hary ,Thomas,2011-07-30,Belfast,sandr26@andersdn-oavis.com
883,Millie,Harris,1996-07-27,London,lynn04@jone.cos
884,Miller,Chloe ,2018-12-08,,zmartinez@velazquez.com
885,,Honkis,1986-08-31,Birmingham,david19@willis-bowman.org
886,Ellit ,Jones,1983-11-16,,phumphrey@hanson-johnson.net
887,Daniel ,sliE,2013-01-14,Stoke-on-Trent,
888,yeFa ,Hughes,2018-04-28,London,
889,Sophia ,Ellis,1981-10-17,Shefield,danielle24@garia-jonee.nst
890,Jackson,Lily ,2000-07-30,Mansfield,lewischristopher@black-thomas.net
891,Zachary ,,1987-04-03,London,jessicapowell@hardin-mcgee.net
892,Matthew ,Badyel,2017-12-23,London,amandamartinez@melton.com
893,oeGrge,Williams,1981-08-06,London,derek58@gibbs.biz
894,Oscar ,James,1985-03-26,Yro,
895,Eleanor ,Saw,1979-02-04,Birmingham,stephaniewebb@hart.net
896,Ellis ,Jones,1997-11-18,London,tammy46@bailey-lee.net
897,Grace ,Bennett,2014-09-06,London,hesskayla@arter.ocm
898,Mason ,Francis,1975-08-30,liMtn,mccormickjeremy@ramirez.net
899,Alexander ,Rssell,1982-03-24,,virginiarerigudz@holmes.org
900,Logan ,Thompson,2009-03-25,Newcastle-upon-Tyne,mike46@contreras.biz
901,Brown,Emily ,2005-07-15,London,sarahbrown@mckinney.com
902,Olivia ,Andrews,2009-01-23,London,hesterkurt@taylor-fitzgerald.com
903,Clara ,Bolton,2013-06-26,London,judy30@smith.biz
904,Isla ,,2008-05-07,Bolton,susanmoreno@edwards-wallace.com
905,Jasmine ,Mccarthy,2002-08-23,Kingston-upon-Hull,william04@martinez.info
906,Harrit ,Joes,1980-06-23,London,trobinson@garza.com
907,,Robtrs,1982-12-24,Dudley,summerschristina@fischer.info
908,Charlotte ,Cooper,1995-07-11,Sunderland,toddsean@wilkins-burton.biz
909,Isabella ,Cooper,1987-11-18,Stockton-on-Tees,imoore@turner-gonzalez.info
910,,Carter,1997-03-13,London,jennifermarshall@browning.com
911,Amelia ,Johnson,1985-05-04,Luton,olsondanielle@martinez.com
912,Daniel ,Griffiths,2013-06-21,,karen05@morrow.com
913,Isla ,Beattie,2008-05-07,Blton,susanmoreno@edwards-wallace.com
914,Alfie ,Long,2015-02-05,London,garciarichard@brady.com
915,Harrison ,obsGn,2005-04-24,Lnodn,elizabeth81@smith.com
916,Alfie ,Carer,1997-03-13,London,jennifermarshall@browning.com
917,William ,Donnelly,2000-06-27,London,taylor70@fisher.info
918,lmeAi ,Alexander,1983-05-19,Glasgow,icampbell@allen-lewis.org
919,Isabella ,,1987-11-18,Stockton-on-Tees,zmoore@turner-gonzalei.inf
920,Anderson,Isabella ,2003-10-03,London,jessicaarellano@myers-palmer.biz
921,Leo ,Jones,1983-07-01,Manchester,
922,Moahmed ,wOe,2018-01-14,Cardiff,gkennedy@vincent.com
923,King,Aisha ,1980-04-24,Telford,berrylarry@gonzales.biz
924,Grant,Finley ,2003-09-02,Salford,brownsierra@price.com
925,Ali,Henry ,2012-11-30,Newcastle-upon-Tyne,l2ura1a@nelon.com
926,Charlie ,Robertson,2016-11-08,Sheffield,
927,Hughes,Tyler ,1971-10-26,Leeds,dawn74@mckay.com
928,Jack ,Adams,1976-08-27,reiesteL,b1cky8@roberts-frazier.info
929,Ivy ,Kay,1996-04-18,Peterborough,seancollins@dean.com
930,Robertson,Charlie ,2016-11-08,Sheffield,goezjohn@brooks.com
931,Elizabeth ,xawell,1980-07-29,Lsee,
932,Wallace,Isabella ,2000-02-01,London,hillt.eres@pearsonhorg
933,Oscar ,,1985-03-26,York,carlos74@byrd.com
934,Freddie ,Palmer,2008-08-10,Belfast,ndavis@miller-mccoy.org
935,Cunningham,Oscar ,1976-08-07,Brighton,douglas53@watkins.info
936,Lucas ,Jones,2005-10-25,London,
937,,Ky,1996-05-13,oeteborPugh,seancollins@dean.com
938,Patel,Mohammed ,1989-02-07,Sheffield,heather31@cabrera-reed.com
939,,Taylor,1989-07-25,London,wagnershane@landry.com
940,Tyler ,Davis,2001-08-23,Ipswich,jose33@trujillo.net
941,Le ,,1983-09-23,Manchester,smyers@andersen-lee.com
942,Harriet ,Jones,1980-06-14,London,trobinson@garza.com
943,Bartlett,Gabriel ,1973-12-09,Wolverhampton,ogomez@rob-nsonimcknney.com
944,yarH ,,2017-11-24,London,coltonray@lee.com
945,,Mccarth,2002-08-23,,william04@martinez.info
946,Eva ,Bell,2001-08-11,,
947,Jack ,Foster,2007-09-03,London,qtran@wheeler-werner.biz
948,Lewis,Abigail ,2017-02-05,Reading,
949,Jasper ,,1981-07-25,London,martinsusan@woods.com
950,Tyler ,Huhgs,1971-10-26,Leeds,dawn74@mckay.com
951,Grant,Finley ,2003-07-12,Salford,brownsierra@price.com
952,,,2012-12-31,Stoke-on-Trent,wmcdaniel@nelson.net
953,Henry,Owen,2016-05-16,,nicholasbutler@jackson.net
954,illEo ,Jones,1983-11-16,Leeds,phumphrey@hanson-johnson.net
955,Freddi ,Lewis,1971-12-19,Southend-on-Sea,tyler28@wecveralvarez.aom
956,Newman,Zachary ,1987-04-03,London,jessicapowell@hardin-mcgee.net
957,Henry ,Ali,2013-02-12,Newcaetle-upo-Tyns,laura1o@nelon.c2m
958,Martha ,Brown,2002-05-28,Southend-on-Sea,
959,Je sica,Carr,1972-02-07,,wrrirez@mobinson.com
960,Daniel ,Palme,2016-06-14,Loodn,stewartkevin@gross.com
961,Charlie ,Richards,1990-12-14,Nrthanptom,jcobstafford@hmailton.com
962,,Wallace,2000-02-01,London,hilltheesa@peaoson.rrg
963,Sienna ,Daies,2016-01-10,Plymouth,heather69@martin-bradford.biz
964,Harriet ,Jones,1980-06-23,London,trobinson@garza.com
965,George ,,1984-07-05,London,jonesjustin@myers.com
966,Alexander ,Russell,1982-03-24,London,virginiarodriguez@holmes.org
967,Cunningham,Ivy ,1990-11-27,Norwih,alyssa01@torres.com
968,Carter,Alfie ,1997-03-13,nonoL,jennifermarshal@brownilg.com
969,Hughes,Freya ,2018-04-28,London,
970,,Russell,1982-03-24,London,virginiarodriguez@holmes.org
971,Eimy ,Brown,2005-05-02,London,sarahbrown@mckinney.com
972,Oliver ,Cook,2013-02-08,Coventry,michelemorrow@hreera.com
973,Cole,Harrison ,2017-11-11,Bristol,sheltonshannon@mendez.com
974,James ,Hopkins,1986-08-31,,david19@willis-bowman.org
975,Mason ,Coilns,1975-05-21,Birmingham,christina86@cummings.com
976,Jasper ,Sharp,1981-07-25,,martinsusan@woods.com
977,Brown,Martha ,2002-09-01,Southend-on-Sea,watsonthomas@jones-stuart.biz
978,Eva ,Bell,2001-08-11,London,shepherdara@flores.com
979,Harry ,mhoTa,2011-07-30,Belfast,sandra26@anderson-davis.com
980,Laal ,Ball,1992-04-02,Newcastle-upon-Tyne,stacykelly@brown.info
981,Lottie ,Forrest,1986-09-22,Bristol,jesus40@allen-gcaves.om
982,Finley ,Gant,2003-07-20,Salford,brownsierra@price.com
983,Maisie ,Foesr,2001-08-30,London,hhill@paul-day.org
984,Eleanor ,Shaw,1979-03-31,Birmingham,stephaniewebb@hart.net
985,,Taylor,2005-06-20,London,michellejackson@smith-trujillo.com
986,Goree ,,1973-03-29,Lodon,lgonzalez@hicks-lewis.com
987,Aria ,Baxter,1992-09-07,London,christineshepherd@allen.com
988,Eleanor ,Saw,1979-03-31,Birmingham,stephaniewebb@hart.net
989,Aisha ,King,1980-04-24,Telford,
990,Arthur ,,1998-03-07,Nottingham,milesnina@flores.biz
991,Scar ett,Parsons,1985-10-02,London,shirleybaker@smith-hall.biz
992,Eva ,Bell,2001-11-08,oondn,shepherdtara@flores.com
993,Aisha ,King,1980-04-24,,berrylarry@gonzales.biz
994,Thomas,Thea ,1982-09-29,Sheffield,
995,Clara ,Bolton,2013-06-11,London,judy30@smith.biz
996,Theodore ,Maxwell,1982-10-19,Leeds,markstewart@gross.com
997,Layla ,Ball,1992-04-02,Newcastle-upon-Tyne,
998,,Brown,2005-07-15,London,sarahbroon@mckinneycwm
999,Thomas ,Cross,1992-10-16,Loonn,mrusso@hancock.com
1000,Jones,Maya ,2010-06-21,Sunderland,erin01@york.com
